year,MES,mes num,time_serie,          211 - Extracción de petróleo y gas,"          212 - Minería de minerales metálicos y no metálicos, excepto petróleo y gas",          213 - Servicios relacionados con la minería,"          221 - Generación, transmisión y distribución de energía eléctrica",          222 - Suministro de agua y suministro de gas por ductos al consumidor final,          236 - Edificación,          237 - Construcción de obras de ingeniería civil,          238 - Trabajos especializados para la construcción,          311 - Industria alimentaria,          312 - Industria de las bebidas y del tabaco,          313 - Fabricación de insumos textiles y acabado de textiles,"          314 - Fabricación de productos textiles, excepto prendas de vestir",          315 - Fabricación de prendas de vestir,"          316 - Curtido y acabado de cuero y piel, y fabricación de productos de cuero, piel y materiales sucedáneos",          321 - Industria de la madera,          322 - Industria del papel,          323 - Impresión e industrias conexas,          324 - Fabricación de productos derivados del petróleo y del carbón,          325 - Industria química,          326 - Industria del plástico y del hule,          327 - Fabricación de productos a base de minerales no metálicos,          331 - Industrias metálicas básicas,          332 - Fabricación de productos metálicos,          333 - Fabricación de maquinaria y equipo,"          334 - Fabricación de equipo de computación, comunicación, medición y de otros equipos, componentes y accesorios electrónicos","          335 - Fabricación de accesorios, aparatos eléctricos y equipo de generación de energía eléctrica",          336 - Fabricación de equipo de transporte,"          337 - Fabricación de muebles, colchones y persianas",          339 - Otras industrias manufactureras
2012,Enero,1,1,101.874245853237,95.982137370718,117.563506362838,90.548211913156,98.286694598394,100.226906678680,84.730104016796,99.051497348547,100.445305250107,85.818665167595,92.891755545378,92.621591394170,89.057332089428,96.701915631689,86.636451335942,93.737157220414,96.985225119744,100.757065461065,97.294084539801,99.060143629322,98.766586499678,102.014166539649,108.675780083094,116.237858984418,91.264660644103,98.334667968831,85.232896068977,96.313058403300,95.838332115852
2012,Febrero,2,2,96.275825709166,94.887631983786,106.656688896435,89.096884935536,98.010660029754,102.528590298151,81.725220389131,98.037942903909,99.238051495080,89.484698498698,93.244608310258,94.615027888555,92.237728048370,99.415847369989,86.474548563078,93.227676707292,96.792101548124,93.625140362135,94.294192981631,99.591925928773,97.487288857343,100.700829475627,106.996890452136,113.827253990283,92.017342352277,96.668002429766,93.564364331474,88.651873104325,95.692141465357
2012,Marzo,3,3,103.071450972228,102.401449568207,117.714790933191,95.686691317375,99.579428292941,98.284489484393,90.102568853354,97.486237050325,103.962304004785,105.393888418999,102.261986982822,101.859079889190,98.571819568809,111.468504741067,100.719476109311,99.832919222100,100.880795604952,94.849980416866,102.133922742946,106.669331239491,102.858422054014,103.161897073657,111.254381631214,126.420007222755,100.004925049205,99.084891180834,102.711684386366,94.714041253863,99.867332541802
2012,Abril,4,4,99.448567222467,97.506722123114,96.777366047437,94.791233869969,99.134393662050,102.912580118938,87.366681909334,102.319570199563,97.397664847766,96.311026310045,89.651833423584,81.617574066107,89.806714067216,92.171281660784,95.797493388708,94.325937515414,99.614685525818,97.232082777990,97.163575841645,99.417724899313,97.067448471480,100.680091133572,103.926444090041,120.920860905163,90.897177601226,96.039509295191,86.538444378625,99.526289850581,91.693156449433
2012,Mayo,5,5,102.741492074163,103.431173239926,104.877234479868,102.056894356112,100.401858610211,103.577012676159,95.601698078575,106.567561925241,100.152519515468,106.608610847506,106.659473150883,97.700853182068,92.849951731358,105.798001710062,114.549392548194,104.233063490217,107.718298764745,101.473445351611,103.149375418131,110.272977183168,104.429786895691,104.323462752925,118.023743015591,127.006668131304,94.958824591073,102.682658926954,93.054778153738,103.233021787337,101.057141947849
2012,Junio,6,6,99.395525315171,100.971700704314,97.601221938902,105.374936660231,100.298392247355,97.942945814961,95.526215940209,104.609296553481,95.998467178459,108.408154311297,108.197915418500,105.000151180193,89.918265440796,102.090858238092,111.318476411584,101.828246726606,136.567406613867,97.588493262135,104.230158738581,118.832011081227,104.637506815994,101.572481323586,114.696757079307,118.023282803720,99.080521930350,102.334000775520,101.788555004820,92.704762340091,104.264484747671
2012,Julio,7,7,102.179092982391,96.647704799215,89.530466708830,107.627543650295,100.567099763072,112.457626842557,97.648604436587,107.339005357741,95.058882262329,103.484844234181,107.759234320472,97.735746171164,94.250995276070,104.842565894086,97.416172173243,99.324326361516,128.459625277200,100.288588285348,101.735957762827,108.990436804412,107.712378667376,99.566517304498,111.681627447040,108.712695351652,94.008642033935,102.506660815553,93.120316527294,102.690254692445,103.438302733654
2012,Agosto,8,8,103.231027358205,96.581959669617,96.550235395470,108.007836610919,100.462118164062,100.615660497579,103.086076126847,107.717573978879,97.721590355164,103.374727917178,115.718460353323,112.145189219556,101.918654593844,103.504686547651,107.114454475284,99.711414871463,127.315823670638,94.853862540236,101.341736370211,111.233540464385,107.922640274916,100.491362265637,114.045252279342,112.794176989237,95.256392794941,106.532651924399,97.734662317125,130.275328471868,102.466539272873
2012,Septiembre,9,9,99.470277372538,95.028566515847,84.908453924635,105.600058532699,99.197819475535,103.970047185455,104.429922065924,103.046763765246,94.250484472480,96.742540565758,103.249395528598,106.938673339481,102.366663229632,99.468810510854,106.619868031845,94.371993317723,101.548909989162,86.915281705032,96.993789761768,103.633588595366,101.676696652270,100.143715462776,109.465375006293,105.647887900100,95.813290839270,106.235834288458,96.255157809946,115.695412949154,104.026061475980
2012,Octubre,10,10,101.901609429933,97.977964127261,99.308578418983,104.636859156535,99.813532405505,105.349692316210,107.926080384769,109.243164401551,98.482076416797,101.421111894993,113.959476951406,112.356497350553,117.188821099900,108.228400819378,126.742356736834,103.664144484013,108.318494068457,89.647118043347,98.089696895649,115.282968093891,108.476585000529,100.801611173107,117.336778548424,115.704373083927,99.790154544744,111.664487196052,105.446017463963,110.795455054196,105.890322993500
2012,Noviembre,11,11,100.673996715718,96.512983060913,99.006060346229,98.178214937506,99.996889444581,109.620211137930,107.512725669398,98.784426218410,102.288650953199,101.532098893046,110.000765663332,107.198245164123,111.686079456367,104.056208050007,101.077433033704,98.907717977399,106.723701596145,90.426306272350,97.606655873673,106.550577232537,104.521013739279,94.272124450671,111.641186826012,104.777235905039,96.414856479167,107.165428482390,100.595944673927,125.939730528621,98.441767001946
2012,Diciembre,12,12,103.501041293991,94.097694333693,99.113603138410,91.010237872281,100.196787846663,100.199828720431,108.992870208335,93.465938979846,104.032667125137,93.433451769453,85.523200480746,84.999802442969,79.719146886665,82.431402364779,96.860995381749,89.960181865584,90.357125037221,105.128981482259,91.301410413144,88.590684975525,95.842239232245,93.995158147397,94.437267132118,91.860443438390,92.206073416053,94.095017983063,76.581824108219,112.727935417660,93.505596781609
2013,Enero,1,13,103.434147167001,97.120048897223,138.541686676122,92.817574538892,99.015969722826,96.865968195910,88.452377719984,98.330270460318,103.358321942395,90.697700882819,94.666705491513,97.767948301614,87.440813099502,94.175294485937,105.399118632567,99.487620179544,90.436038133894,101.392718903774,102.445518224743,99.000601188382,97.662396171530,99.998417512126,99.874211781274,102.946643217494,92.509170321075,100.808466219728,95.386951132180,90.296418210595,98.907289394911
2013,Febrero,2,14,93.190254434759,95.639036606949,102.754150865369,89.590423537709,98.080798549441,105.734914358778,85.210102166943,94.001104856353,99.868035154030,86.898154165210,98.532766730069,97.673887299639,91.520884031569,99.934026822288,92.775158129255,95.049352650665,91.914891065089,90.648567412230,93.142481119329,95.895698462148,94.679306196461,97.121928127389,95.179015301573,95.507727709560,92.550390229338,98.354165091140,97.772313989598,85.449309690340,98.431378785690
2013,Marzo,3,15,101.662868732727,101.427118618832,114.963356258063,92.413746176722,99.812795434282,95.958863765527,87.744305897972,99.295360419058,101.206381022216,96.950468627396,97.169830330829,94.886561121252,90.806350433825,97.079271143522,95.589999042626,100.677429585541,95.409143769047,97.590362076395,98.970633974607,93.003152779806,97.381637712432,101.725021910669,98.265665036589,100.562606450621,93.573002182604,94.616334343555,96.738059816674,85.067278368907,92.311343376718
2013,Abril,4,16,98.367706977630,101.150300724281,98.997450420736,95.765198530135,99.177437636923,99.663949799501,95.621901662962,100.372537944677,101.405723155504,103.617227513830,105.171813059447,102.497427815312,103.027543306233,104.934571071984,102.809729098370,102.873026780162,98.853604743796,102.258886169636,99.091146770555,105.573547881172,101.768999120732,103.768802059173,103.521075834359,107.949174640127,96.422099980347,100.925582577968,99.549937313555,94.755965624323,99.965049669309
2013,Mayo,5,17,101.286764573802,104.220146712689,93.622728327770,102.687160350430,100.227410455426,105.639264317852,99.642863261582,100.518390861156,102.061628205980,105.781864963160,106.083899266131,105.637813042958,96.311670160852,103.103172795854,103.236414068161,102.160711088678,101.967555015562,109.753009156144,102.584363239027,105.176044966498,103.747676731810,98.067694176192,105.172921275314,106.265459608108,102.339600047629,100.599029732576,102.033373527030,99.709782546759,101.299773142185
2013,Junio,6,18,98.261458240045,99.797958516791,90.172060155728,105.069286720704,99.816607270043,94.577779692652,96.443054240300,97.918307009523,96.115047108448,102.165519510390,101.288615969129,98.061539081147,94.735746504789,98.610925359079,98.183235213288,98.609207328953,108.117284909614,105.315624204166,102.386288169578,102.241647610572,100.582069534734,95.342557467376,102.308462390343,100.087292776542,100.976462219053,99.733433755197,104.211695483256,91.037186971736,101.750633392493
2013,Julio,7,19,100.338856612604,97.902728576843,89.448712453452,108.325518396002,100.661253980213,98.885757498004,102.662983743071,103.356239220385,95.968074911425,104.690546308616,103.209985788513,107.014530925702,103.967387540966,104.988172960606,105.344496980738,101.201101597070,108.720596097236,102.756333135518,106.808792951464,105.279444700976,103.816954379746,102.412398633384,101.595356687374,98.742227913693,100.994042148592,103.547331764578,99.629674983452,93.445532187369,101.937557108226
2013,Agosto,8,20,101.593193053474,98.548363552866,101.225725569607,110.030401853279,100.883672652862,97.758497706506,102.246229210323,101.727875369007,99.268821727319,109.881557006360,105.343005778868,107.880933236790,105.022990894490,101.131277410420,103.821229979901,102.593511593210,98.754589640263,103.260730564471,103.147951490278,103.800000258863,104.566527905576,102.723219279316,101.468008559838,103.747001866337,101.923633453932,103.379368356077,105.346027482237,96.552621521778,100.047794708513
2013,Septiembre,9,21,98.708174572333,94.229960772882,83.552655359313,106.456149881701,99.208445127780,97.805805087331,101.829992776092,97.041035733401,94.389291496548,98.008135387493,101.595409916910,99.955012269461,104.845437182025,97.722841855323,90.059502041664,96.145707358800,101.492918782604,91.145810200218,96.646545935903,97.719935190753,94.760767074206,100.852035573881,97.944939448350,99.433778032497,104.870167796689,100.245608426407,101.321077549196,101.973338314023,98.265396156262
2013,Octubre,10,22,102.642889012230,98.532747467815,99.676369652586,105.252376398315,100.671261557501,102.344482288279,106.381321852708,105.679560070408,100.084371979021,106.206583256374,106.425373630704,105.251397338681,123.583287930705,109.921637755741,110.980285792093,104.152574581642,96.947196784739,97.572435839988,103.576832797097,105.666405671197,105.522435699660,104.959532601061,104.052537161647,110.112561614931,112.283803737938,104.953095233394,115.522624330759,120.952346926778,111.173681511447
2013,Noviembre,11,23,98.500535831805,103.700297636285,95.203545352677,98.939155893218,101.053234580478,101.797119436154,115.242903047459,104.573062877468,103.031931068825,102.263598411555,97.797289830109,98.867769775763,108.665901409544,106.368330064395,107.400210227162,101.737255537735,103.277910412694,92.064041533478,95.987628361301,100.100042129393,100.829215701465,98.781342160613,99.608248831587,92.646398808517,105.072251512719,101.647274796322,104.526073969174,119.624230758580,102.757634381339
2013,Diciembre,12,24,102.013150791591,107.731291916544,91.841558908578,92.653007722892,101.391113032225,102.967597853505,118.521964420603,97.186255178247,103.242372228290,92.838643966798,82.715304207781,84.505179791681,90.071987505498,82.030478274853,84.400620794175,95.312501718000,104.108270645462,106.241480803983,95.211816966120,86.543479160239,94.682013771646,94.247050498819,91.009557691752,81.999127361575,96.485376370086,91.190309703058,77.962190422890,121.135988878811,93.152468372908
2014,Enero,1,25,101.582196175418,96.438618928404,152.858957119432,100.431553526309,100.818522742508,91.026754223885,88.851912178473,110.497175217784,104.367162963541,88.048596705821,92.377981619764,106.964274011893,95.864141763195,88.931531831903,93.843410851337,102.457179425960,87.144117473984,100.452890542421,101.744148414456,100.749240825532,97.713830770671,111.732925448600,102.338296136292,93.447929649606,107.765139814790,98.471356748037,102.540167484059,86.689368067901,93.657067415064
2014,Febrero,2,26,91.830578752656,94.990472474281,115.631771620517,96.947754638840,99.750404009897,104.168911979107,85.813361952494,108.095518616779,98.748246812685,85.927071586628,95.892695107343,101.588294001540,96.458942105621,98.321468381638,86.237797029581,97.745812804075,92.330986147975,81.881039674368,93.694790331818,97.175514694531,97.993168342985,105.833771566141,96.926475142824,91.394693936787,100.293563095365,103.592810971912,103.401414934408,82.938050363608,101.854891353228
2014,Marzo,3,27,100.636561610445,104.758388760765,127.755431229355,105.473159963036,102.224148458835,102.713293185038,84.466752958981,107.658396549371,103.216193846653,101.553925662368,104.163075483389,106.152268630098,103.786680281179,104.148317153178,101.270352261833,107.780407078162,93.875435087202,99.789658345964,103.225271409607,102.011450555349,105.625154893612,112.920119191723,107.839745819879,103.063773870625,108.290632414998,102.909996195174,111.678437231728,89.870387195077,103.160413288921
2014,Abril,4,28,97.526458397539,100.871670219827,89.623439372625,105.900801862562,101.380233780750,103.848266946675,94.705425457465,104.243921495683,100.890425397703,104.915528260759,92.002841705284,96.558298865756,95.231726702133,98.284490962598,98.830262431690,102.726413728024,99.611771584514,103.419576205734,94.456014227328,101.309797517042,99.750077669019,105.712543897789,104.961565709117,100.394727704510,103.788493483021,97.704488311813,105.247520457544,85.830414082351,99.032500846201
2014,Mayo,5,29,101.093954200612,106.242786970473,90.280062062022,112.437765725946,102.743265431971,105.717999558804,96.036219128314,110.178574074003,103.287736755423,110.714455502076,106.536096827205,105.866200631434,97.504863736673,100.620768125144,108.929949928519,108.179945017963,98.893520010143,99.802463255834,100.889278208265,108.858534451476,105.668428155619,111.276951342715,107.453327140337,100.531911842897,116.056512322857,103.855083305768,116.099456974386,89.222048220288,99.568995109521
2014,Junio,6,30,96.022815575272,102.899129985702,96.425620386348,115.158744078126,102.581706255772,104.224524896670,91.968901146023,106.710773903905,97.369123713958,107.616459240305,97.010685885270,102.815502428022,95.673016272036,97.587914624849,100.675471295636,105.615874011437,102.480661909045,98.159222673578,102.132809867928,107.373800623681,101.317025853631,109.615838256555,107.888276161569,106.371357702857,113.033674046756,107.345484452932,116.997178346942,86.221657253155,101.062213879459
2014,Julio,7,31,97.458773737362,102.017512831107,91.301399949750,117.526055430765,103.352066884028,102.202098939176,94.824908201105,111.485823839117,97.678969032547,109.628871716674,105.959601474327,113.000880893921,101.237616459853,109.720709092804,104.665000923233,106.680655012700,114.223341685875,104.087187853815,103.703431181937,105.260080002586,105.773997291997,108.202602047850,109.362021666343,102.734008933907,118.719043712037,110.445970306631,110.065879435505,85.451344076892,108.242123196214
2014,Agosto,8,32,98.664096622360,101.700678372542,105.639592061870,120.509308617743,103.357838042099,99.894787853440,102.528071513521,105.924299625694,97.388538991325,110.048579394020,104.857334809205,108.491767512919,101.931111303846,103.739662310151,97.899796161111,104.153813361872,107.099134297581,94.854306160465,98.491852715168,102.263886330786,105.064210842149,104.696452067668,101.775789535607,102.659384622760,113.734761830924,108.758995096301,111.769091345264,91.463591980896,104.301423746956
2014,Septiembre,9,33,94.360095601187,98.539513922326,94.544902263845,117.657763029901,101.687834829812,101.526185856817,104.039474345208,107.603348986082,95.355636601618,105.331921022489,100.733958361566,105.092698099025,105.715332394185,102.755266933668,88.021570838901,102.427350424251,96.196950610937,90.128999661451,96.348272864034,102.831915637015,101.941376438350,106.902777821746,113.174342223038,102.852491600545,123.603726675869,111.256116341023,110.308805363662,100.107946491847,107.939586686342
2014,Octubre,10,34,96.569840241498,102.472651953677,95.700547799865,116.306607832389,102.598144643891,110.530412010588,103.233717962031,114.541752344847,98.527112787290,106.793254064774,107.578768634704,117.892387277617,117.761582520619,109.431370571424,105.660556180725,111.629531470496,106.779749366451,91.001098992031,100.440743932524,110.554025531498,111.530657689786,111.868030705915,112.711090428694,109.191449250240,134.498714072267,115.015548226155,130.453887646568,105.909677429851,117.020449894687
2014,Noviembre,11,35,93.502426239359,100.572620242651,84.700993615054,107.278025298938,102.847727282468,106.568459278430,115.446892116086,110.741682906184,100.882275291792,101.398120032748,99.355752976824,112.010503586756,108.914573408547,108.570961117558,99.240514032967,107.326173909097,120.976434080408,88.621881020573,94.631545007684,103.497089890602,102.748196140294,104.767352668692,107.428856788009,97.097063183727,127.862271365015,104.250729971356,114.102313757135,112.928848199698,104.035252648044
2014,Diciembre,12,36,96.512530982708,104.767600580064,73.205930531959,102.809406209529,103.015899409027,107.555834761216,114.924183110279,104.623902937654,104.956175219127,104.261231207476,84.654786158998,100.485624091406,86.075136327073,89.690695920915,86.086175982312,103.112619620378,116.555005794461,87.559784443772,96.412948321966,93.712047349387,100.419930456810,109.092637201256,100.978849369955,85.201699801289,116.475988264075,102.390273697769,91.888890952871,150.026841105901,96.350125993727
2015,Enero,1,37,92.832448286952,101.964678983300,164.382466963953,102.933523240043,101.953621717901,95.873249589026,92.552837028787,111.604612870171,106.800342361092,89.101552662886,93.950424122847,113.401780829515,91.365558263527,86.805841483455,108.923635487844,107.262177994692,102.244960054304,87.347301210984,97.099028298802,102.966575501964,104.680918449379,105.454338131762,109.176334345633,95.056163540010,132.036383769633,102.941228666286,109.597915956834,89.131544841456,96.052260437851
2015,Febrero,2,38,86.543412523704,100.963452226550,125.711097383283,99.336944270769,100.773578456442,100.667167268568,88.135218327905,107.171875477960,103.205031062646,88.328813103275,96.249339182601,101.839068655023,97.249989264329,99.594391264162,89.663329075332,103.442119557066,95.746100749666,82.749355487504,93.608336759409,103.226161027972,103.834557338382,100.131971133529,102.920269057523,91.934235470229,124.363757714563,105.812951456469,115.554193912548,90.191909035727,100.082708494720
2015,Marzo,3,39,95.187225914750,106.527559886288,125.594536978664,106.369266995158,103.094649024422,100.023112560776,86.206480197713,124.561671084493,105.775690400492,102.321431966495,107.323045540706,109.722221875745,103.290134534847,106.135529602815,105.751879294902,111.458149262123,107.125397074483,93.294006225112,99.933921508309,108.290150912346,113.540811693811,100.269942310475,120.725125495143,104.612506052463,119.020839721563,107.886652620514,121.740830799234,103.718121019585,104.245431762112
2015,Abril,4,40,87.154789305467,102.116025084152,103.999989244597,106.469213299427,102.366285348816,108.088222872863,88.580354553436,113.851377384765,102.348050362160,105.032933426363,102.152480541287,107.891615451901,100.412072822492,102.438953878552,104.575335598390,106.509165336354,98.751356710646,88.003842464557,92.103378580709,106.843439976781,107.025961991148,100.744089983547,114.434017848764,104.312607567474,111.987885236155,108.205794831821,118.424882718866,98.589656813493,100.491810466768
2015,Mayo,5,41,90.996810520315,107.366800504699,102.205358062037,111.774344337887,103.879016915159,105.196172419632,93.246940615706,111.484119575147,104.774193273167,111.253683287577,112.242506959463,117.681042629486,99.252039625518,101.197096516946,103.395227153103,109.831293384865,99.249340978877,89.436318051631,96.002369182465,109.427226623246,111.138358055709,104.557941571859,111.601585770335,101.259234751479,120.910502393081,107.733314102753,118.393338319271,102.093313841437,100.595924166864
2015,Junio,6,42,89.049555547456,110.843903663989,90.524556995820,114.885539656492,103.440053819024,103.585768025888,98.938640730959,106.144545085064,101.119513653244,108.339470999250,107.730268152415,116.773681095478,99.852002359887,104.643674862939,105.725319046977,110.131912816468,110.905158480602,85.852449017068,98.529100436032,115.080707418926,111.689570877874,104.231596410078,110.692971203132,108.226501722211,119.260891092120,115.924069666631,126.380237757817,105.834753059187,105.770022090885
2015,Julio,7,43,92.987012158555,105.341675702909,75.740586914072,119.287022186748,104.479522609977,114.380301587799,101.126173271265,115.724962989007,99.871279575838,114.628696802034,112.720952328075,116.481024222216,111.564404143909,106.346833893077,102.617231101808,109.906168325733,111.801204281812,92.122831957402,99.972749937636,110.366331294126,115.173869806386,107.393979337584,112.171211263269,104.754045429384,125.707284894947,110.691970583061,112.363658719119,98.033244410061,113.634449820582
2015,Agosto,8,44,92.564100780679,110.046070388999,96.641026436923,123.210576760246,104.708245719123,109.024124163126,104.224893710818,102.322425902178,98.783949604376,114.993478997717,109.052055611714,113.654246687007,105.631785166453,103.805643563580,99.661810164622,110.036948212101,106.360095848707,90.439552304270,97.497961399178,110.635283247871,112.844660552720,108.421676434272,103.262994381842,102.607858909938,123.262865918851,114.174714630283,120.845815782009,103.164060147936,109.832636158302
2015,Septiembre,9,45,90.439063705477,108.701017298371,67.425479271405,121.575937504099,102.927074877850,117.202055757228,101.545057667068,100.966932610598,98.924185874719,116.905545046081,113.091640814562,114.384733121669,112.929884154277,101.474295467462,93.099151940816,108.679565530728,94.081119785893,84.910831854412,93.783775908486,109.525312587360,110.281656112698,108.310685204522,113.133521902430,100.274990419400,130.683551671307,120.750251281991,120.275825384871,100.909482400407,110.144137754610
2015,Octubre,10,46,93.608812444015,109.900377727170,69.001732290171,120.623690928546,104.417285854012,103.489461966732,101.098453906332,124.029558106134,102.835560136315,116.707213275140,110.476884673176,117.402831597534,126.737803840716,107.940991579787,99.002971188604,114.769182926076,109.739081643172,89.768902819644,96.674449373151,117.679629538790,115.796266151252,106.060118063986,115.596773563237,109.633531407377,137.410722551356,117.715401987539,133.552063860230,119.129067949569,120.039048134036
2015,Noviembre,11,47,90.383830636935,103.058779462349,64.439108629079,111.685932311621,104.473781813601,107.443183984606,106.582532674248,117.963638831251,102.754408296511,113.332679431916,104.388727563936,119.412150184510,114.413445674417,107.220951705938,119.287374936288,110.181498986120,115.637027797995,82.056521427005,85.956319401238,111.610103031332,107.992021065993,96.527345876063,105.598578445167,94.531271025186,131.692769711773,109.307699236081,121.043079423425,123.861988417034,112.815611482187
2015,Diciembre,12,48,93.189880846953,105.743983584767,63.063686485445,103.910818018950,105.119853818040,109.681960886744,110.123127154540,101.012158018947,105.735287451407,113.312060862544,86.700218707802,104.821468645885,95.677491565007,89.753580130224,92.470902479693,108.473574751604,109.812641164118,90.743878122635,90.066577376303,98.304272776226,105.902000213940,98.622429737053,100.407823338660,83.068571356763,124.511732581277,110.956648518168,102.901964152831,106.505134206179,110.257197368085
2016,Enero,1,49,92.162712809982,104.343634617751,132.924703754435,100.913384584879,103.637473824346,102.635076724893,88.047544793652,117.695903410251,106.982870061388,94.693197847187,95.712067823684,124.597229802889,94.781755875213,87.635652661602,103.248729407141,111.044250148565,100.305776862221,86.686736610745,93.586390319108,111.249450841821,105.930057497517,106.961137579571,107.990342609191,94.624042456617,132.831839490774,106.359285720585,113.379554200961,87.015534907268,111.034637357634
2016,Febrero,2,50,84.902709608995,105.621462575036,125.368937356125,99.866500027187,103.197907988861,108.150494686703,88.201400182962,119.179650832129,105.917111519844,100.769864653322,103.498750407677,121.768012358681,101.012014251519,101.719412300241,94.351531870911,111.473737003862,100.514802232523,83.660823380510,92.306519174815,116.527245092443,106.518373296163,103.616017106980,112.839885090618,95.759836379876,124.281111714530,111.865181565214,116.642177088601,91.142318185354,122.254808651437
2016,Marzo,3,51,90.690604516148,107.222621152367,112.395408909847,103.317741044748,105.228974393052,103.894424382396,88.775693672152,123.785243293333,106.963900769545,111.250547355932,103.591838624158,120.657639106607,101.126723192821,98.054254311284,100.061998297241,116.899511052305,102.865659416410,88.812047567895,92.019027396497,110.534097930368,110.213073013624,101.177205129297,111.623274036541,104.174426911598,123.342105191153,112.410543678691,115.242804745648,94.268077444572,115.102361876805
2016,Abril,4,52,86.159232458240,112.173621150542,77.267998541070,107.722736062882,104.801975304708,110.608384169693,86.330629650244,122.320647254767,108.452146334096,117.440044184090,108.426838175687,114.175398516910,107.045841153797,105.294061597704,101.474441491435,115.521213105616,109.483168366908,86.441734835486,91.475228561327,117.821397732985,111.781261855672,102.415059953497,109.584563952919,110.559623382832,121.754573236828,111.562945590513,116.130242430925,95.783833246913,117.690707739158
2016,Mayo,5,53,88.797306004064,114.524150673418,73.390121061892,114.683164648124,106.463851837371,111.470926721120,91.824727393458,115.226238702436,108.426448737901,120.978427389318,113.402048622724,122.345222917376,103.191289907502,102.735533459306,101.773794675890,116.857168651458,113.881526420531,81.337251860830,94.987687750951,118.716303194390,112.177085720649,103.793423700294,111.391153098265,104.744256504446,118.569456761269,114.032995037135,115.594806696627,102.789694540596,117.646555258513
2016,Junio,6,54,86.123005370213,109.076936129701,73.909997983697,118.010216410404,106.625329190392,110.738901784164,87.339156457124,114.852876745683,103.797427286310,119.583513625950,106.558073662792,119.391788487061,99.577675218609,101.199009013928,106.991839267828,115.669264773156,113.932249646917,82.031897298947,93.147547991168,118.509953604059,111.279442438880,107.131771791921,114.510186181383,108.479100157712,123.463601005984,123.712335758729,127.202606381465,102.048312158811,117.752586069888
2016,Julio,7,55,88.044471164202,112.598322060364,64.106871134048,121.526246081040,107.149456339497,112.393270118309,83.813217168720,128.085108277409,102.071556928438,116.615683245183,110.407787410623,112.782752845307,98.780206533184,97.436655907577,99.628993767968,114.884017534727,114.781925847141,74.830782916376,97.324451216071,113.348480351039,114.246243906818,105.168647470477,106.175695624583,88.093955581258,125.937919811840,112.144341293394,113.283464135343,97.371570005450,121.545100357385
2016,Agosto,8,56,87.333820853230,109.033282993863,76.832569542866,121.556237009092,107.918982332627,106.800929852330,86.849057426346,123.627185846331,104.395275880118,128.574404857266,115.403082187193,118.437939215353,105.233460569231,103.540390227005,99.834820591245,115.003718272980,104.084612955289,72.711718764523,95.735803975044,120.882788285568,114.351485644839,107.704730295128,104.461871114193,102.873839698884,130.085437847049,123.232461717255,132.575055044168,104.308723829029,124.755887106557
2016,Septiembre,9,57,83.154006551419,112.502183760830,67.489486353118,118.339482673095,107.241880008180,113.784227527038,86.532422892889,111.977419157470,100.897882437773,120.996578617872,110.291774522430,113.113487086411,108.775447836277,97.250266713539,95.132797376204,109.208119014928,107.145233210408,63.705562812805,90.943115922788,114.042624678291,110.095166536946,102.517021244708,110.143000589866,99.942566210185,133.848151372267,122.179591055802,122.626822522179,102.619219970110,123.273859433243
2016,Octubre,10,58,85.678986272027,114.560160350343,74.033099292471,117.223690452669,108.216619979416,110.372368828063,86.652149126936,137.553830127805,103.972701174063,123.456497619366,104.715094099982,113.953276826863,118.207783295357,98.311603142196,90.834468950974,116.020754000229,105.029410699867,67.089114358055,93.239762188299,118.769782537332,113.778413209517,106.249579336657,110.105470856854,102.740600328424,130.064294211681,120.204956368717,131.784681289658,107.959608875212,133.280302802145
2016,Noviembre,11,59,81.705254718682,107.858635463883,65.729429447415,108.365796268790,108.366688085932,120.796623406205,89.129821022710,137.607797986639,109.872605280071,118.978516766047,106.219535665543,125.027906506603,115.318097842103,106.091503786855,116.810905646283,114.007171136206,110.108916617701,63.896634622707,85.229195940430,119.338323401588,108.858953509164,108.505002982299,113.399522152502,100.648370846706,130.862319189828,117.530986077871,127.241869341800,107.878011768487,126.427445820661
2016,Diciembre,12,60,82.867395767660,109.941933452712,65.020743045939,102.048002475567,109.106680970608,111.156747085687,99.690164624430,124.192793101300,111.712692856196,118.074816147103,82.833636814881,99.896023337823,91.396117337715,84.588770408519,98.404902413655,111.632844334099,108.933632840514,63.400482971753,88.446949575315,98.701219430050,110.943069414101,102.463108070832,108.899409490780,90.492702001514,127.154402749646,112.209456835084,105.697101372129,112.478142913283,113.186845771160
2017,Enero,1,61,82.196171950835,108.634872813649,146.999522443537,101.894405442747,106.595670341947,104.849749335555,81.638875626861,125.251420799565,112.763667371265,101.424589668389,98.665115518298,108.945087811946,98.711840165885,92.443797551946,101.566917980794,116.953727173924,98.295877487021,72.239219846500,93.006627305203,118.635814429563,110.444319769006,112.102567787495,109.663129667527,99.895836116957,130.072839585508,113.688216203997,120.002984707630,95.669880325164,119.469887402770
2017,Febrero,2,62,74.141441410508,101.990543510977,92.824257450637,98.506169791522,106.066632527379,108.365884910451,78.446990614027,133.444706990127,107.161206151693,101.338435349441,98.902469723480,93.834161741097,99.556980334062,99.479208334261,99.852628461469,112.037449513912,109.024632648771,68.359676344082,91.195411113835,114.035227564960,108.633052889020,103.421047708512,106.369898528169,96.113704468630,128.299311573105,115.146395878017,125.217523746975,84.902738723125,119.610529013483
2017,Marzo,3,63,82.238000651298,113.145323938474,90.388368787959,106.309663802620,108.601511620136,109.182925096032,79.454101392514,143.118514615964,113.491381796239,114.701497782134,111.268801221955,107.313128003791,106.620587413651,103.044236454437,114.806852175337,121.799709643876,103.503366799835,80.519065182475,94.932425594654,118.336118701159,118.447958597656,104.681384265448,124.308244633156,116.911831828739,144.803987585890,122.263676159312,144.692724347549,89.120628967229,128.098883665238
2017,Abril,4,64,79.218734514746,111.655800256905,62.880631871202,104.103520662813,107.532592677496,102.342279960839,75.696600541660,141.254235918032,105.901065238598,119.671672731905,95.574497912188,88.301195073965,97.323480055610,92.551115454488,103.492792671953,113.320043135242,94.466037856559,73.604199655293,85.524712099431,113.627024120174,109.835863706834,98.602950250481,105.771620863917,105.300967258038,125.971186978311,106.416422236750,121.467291955925,84.096574471581,115.055096002229
2017,Mayo,5,65,81.858012231399,113.653688627371,74.392165770603,114.339306617666,109.531570316738,109.028801770777,78.424027910974,122.080407254080,110.842786612259,123.925328801796,113.925647376511,110.867996187835,108.797718844651,102.051312632554,103.568650619985,120.311141190293,113.158164940871,75.468369383424,91.463114239815,122.790981576079,115.940188313401,102.178154009588,113.863312490774,114.360062055861,137.752952602250,115.875487173507,134.766661978194,93.083927222472,123.555500832006
2017,Junio,6,66,78.701530181785,111.358372631743,78.636113073982,117.553484389772,109.302725660916,113.533602372946,73.438068970555,133.397516016587,106.592611412084,127.315534069888,107.020593947365,105.406017832781,103.763484324184,98.858131238574,110.588387673740,121.445075255281,109.133324653804,66.282211772207,90.656302520347,121.883749915026,113.886713434302,105.296190224454,109.333254287665,115.458975176257,137.266076121203,129.189073987417,137.992297907706,90.452795330316,121.011581403397
2017,Julio,7,67,80.533192724298,110.819981852302,58.250398102269,117.167750676672,108.963895633021,111.352310348839,78.339817734180,133.601708997936,103.631960764713,123.128787384080,103.042621719015,102.002108260112,102.733472910367,98.187162733033,105.728596182307,120.994394196330,116.337313915966,58.304576910326,91.089542332289,116.797072015686,118.964696674845,105.729502753903,103.042639583178,103.443140311939,130.895933893529,115.645220819588,124.228569954345,88.459967381799,125.223581296369
2017,Agosto,8,68,78.114070682383,110.466937543837,75.519851634260,118.510060279850,108.613186579624,109.604305218476,79.504463027643,132.679991001621,108.146756173288,130.228008268720,109.846064328893,106.901739387168,107.017806194623,102.307041404845,105.065353723839,120.720869083450,110.675453700780,61.363776880893,93.005001851145,120.534724763604,118.166251846385,106.235355006371,103.387665018290,118.689777303209,135.176811046698,127.598610304223,146.694124671132,90.394086828412,132.415936101854
2017,Septiembre,9,69,67.689520774892,108.468881744977,69.571835544024,118.966151140355,107.021792264994,120.432859354365,74.922718302328,118.427510761967,103.933626067321,122.515136884821,107.078539414725,108.358698849216,103.626551192200,97.142687131778,97.958067532959,113.690733431481,114.852892242084,47.414474003356,84.408907846603,114.150215570567,109.945216485891,97.652700618749,105.744732153620,114.426801273045,130.254518688416,119.812896053406,131.396984254696,94.577868964728,128.999023878234
2017,Octubre,10,70,76.713452367974,111.467956064242,58.936193693504,111.350729970880,107.979148236753,112.387857697420,82.733451601073,139.558400035816,108.302689013776,125.008103349839,104.867286037375,115.588935644317,116.794318259974,101.333113398913,90.752605127397,122.411159547461,110.423676151589,46.233347067103,88.450781330881,124.114604696473,117.908659907240,105.676947686224,107.409036241453,113.741415554754,132.817488097286,119.313177187180,148.126785542275,108.842757607656,141.287368724597
2017,Noviembre,11,71,72.941485190032,108.980071676680,65.686256193605,111.986996176830,108.194022284623,113.312789562855,85.127839273749,139.385604106321,112.229454509453,126.489072248888,103.469542973346,116.773962643509,115.476485793721,103.804677572337,109.029422780180,117.417462647718,120.907963419164,49.803558785158,81.839204973629,120.649773804377,115.281769735160,104.052968689265,103.594841707514,113.885187394620,131.744522383107,113.583184569817,141.461928162197,106.131934039096,137.498776950510
2017,Diciembre,12,72,75.692416652495,108.191175219800,60.787343244267,100.373353795070,108.527701574618,121.261265813549,94.486769303088,116.841549175448,113.182418246103,119.216070416064,78.667195645771,98.506184383091,89.972160187641,85.748942698469,95.248877816456,111.723966962247,105.397876499934,49.254293042852,82.889653185248,99.445582182323,111.730058508564,104.936484459254,94.476013619537,94.500067967645,123.611952480577,109.540465691493,108.896130846947,113.293612911306,122.633832192053
2018,Enero,1,73,77.465418516792,110.059719890604,137.706603367981,110.037863863101,109.044239738344,111.900479906783,75.224685571730,141.072415210689,116.158880651149,106.054915806784,94.610444634739,115.792646264528,98.666484552861,85.882722966118,115.304640179920,119.211392026816,115.947140406874,53.256522084819,92.007324540023,121.295878178005,116.232376072829,106.070505812628,105.555594763134,109.824986513245,132.630246168847,111.145194343885,128.359485846970,94.080965358833,126.209076463334
2018,Febrero,2,74,68.636701533287,100.690448163337,84.709798773277,109.495156134437,107.711785095016,116.450495441068,73.269854898263,144.567240963010,110.079809108118,104.069791173475,102.269773357464,99.214770977547,99.335077143721,93.378318322133,93.633763861306,112.228791135457,98.393698323807,42.017751881661,84.901284019974,116.134240118749,109.240681395840,98.879976325573,100.660831991816,104.335553998874,125.507095807908,112.923986495140,135.023748301965,89.246892243377,125.994875773097
2018,Marzo,3,75,74.578171287504,112.849397567701,75.418713647223,108.455699863776,110.278452861216,108.174568014390,74.933548723515,149.939935348174,113.478163273573,121.984151959009,105.561963852551,108.511470251948,102.565900228530,91.296052307668,105.261653617008,120.980139367968,102.123220623299,54.482519396303,88.235822844178,112.009961699253,116.737130039384,107.187195756632,109.924937692324,114.937706303457,132.577125518503,120.827739996205,139.192717169338,94.036663597964,129.353046503501
2018,Abril,4,76,73.396608202874,111.748313692106,65.894813026950,118.668201831933,109.443235121823,112.620348397952,75.391247319848,145.055474282276,112.437141198748,129.144370867449,105.271820012766,103.447303225329,107.760353979870,102.041222219489,101.641758929292,118.574277302520,105.655682418210,62.565755368754,87.640983771913,127.160741178771,113.232248469063,107.597599048411,109.446629462216,117.508147916834,128.365705239341,112.934460729930,128.571353971265,90.684577025577,126.634699936652
2018,Mayo,5,77,74.992061307787,112.183679626882,73.369329796315,119.008116448111,111.159929124953,116.138549473868,78.901755643786,134.590670425352,115.309916010595,133.821204614467,114.650062213366,109.382909205498,106.841112650453,103.520725466732,102.173967766687,125.564821105100,115.827583608297,62.146936613215,88.524439188473,125.829190096348,115.622032929436,106.281877437124,111.946036417725,119.595225523837,137.164607444569,116.100840907018,145.923361736864,97.872868344330,128.036902736569
2018,Junio,6,78,71.819743670662,106.778602822119,78.920577618472,127.429449385805,110.441694992320,115.902961186712,75.171083222979,136.455092276655,110.994501482314,132.599492789290,110.921981255183,116.774580803174,106.596735723859,100.749160666484,101.916145400691,123.024255396273,132.462530334165,53.430661015126,87.330806519170,124.119744737788,114.091803075415,106.089715486608,112.144740827517,121.855104363953,135.255381076422,128.171955999807,144.964320113168,98.505739413186,128.654677202193
2018,Julio,7,79,74.163755474620,106.685096297067,49.991439730242,133.203269859797,111.032399063663,116.798032071013,75.506992646153,149.020807434196,107.599694316322,129.985609281961,109.327504202659,111.964292691059,101.855718467479,100.641805436307,100.849197381408,122.582515776423,123.880172084928,54.266576408490,90.082574786499,118.366277086409,116.459114798434,100.992766212049,105.444370541298,99.880318125388,133.837682161875,119.120108355586,133.871407449214,95.873477705111,142.773818884658
2018,Agosto,8,80,73.171315341293,105.790577756393,88.302936964935,131.938189871879,110.997872939908,104.809173825516,75.962917592302,143.428498455980,112.007430566958,136.415547397250,111.540682128414,122.332248865866,109.587841757999,102.014193883436,108.256869757308,123.570950793179,113.836163798400,57.268042131933,89.390556804650,123.409378982422,119.282173825004,103.660374795661,102.446465629953,127.281455143325,138.365212638311,128.688644124043,154.047894618664,96.715868038640,143.682085290839
2018,Septiembre,9,81,71.213124852388,104.829064989142,67.719605058309,132.375949210292,109.081547199742,116.307060461054,72.025937631740,123.526167885573,106.684278946490,127.038325641409,109.707996097115,118.382479618046,106.138952046532,96.079065169502,95.423637862637,115.290376880638,105.137954234466,50.007333419122,87.156367453012,118.436853698139,112.459767616542,96.860318363646,102.402446249504,114.589901016095,132.036886134366,124.209955445177,140.203503347957,98.881491768333,136.131528728608
2018,Octubre,10,82,71.056997513206,108.154247955469,67.988358739376,125.029977569130,110.445998061309,112.357247771875,73.806826732905,145.097257240812,110.859950442412,130.516397190475,108.547343563053,122.317409428169,122.930687246363,100.407473798099,94.226293824021,127.081818677485,117.309629253046,43.927253299480,88.352799209134,127.072534897699,116.100254408793,96.976042865452,108.180481149100,118.131860533215,140.019003018421,123.542156735013,154.863334372473,113.548006498326,159.664229545608
2018,Noviembre,11,83,66.879272838084,105.988251072693,62.048271196942,120.471146681803,110.770429468231,105.733923151242,74.855420938674,136.250429020516,113.538482479126,127.797347374963,104.585308133564,124.951491862530,118.909157336210,102.827830641372,105.062917731397,119.356860917029,114.440994661106,45.049652771082,83.394177753452,127.311765566285,113.249155466155,95.790893937137,106.358089193408,113.884232505385,134.929748030355,119.853706433094,149.045893009836,118.450402193615,141.057061234439
2018,Diciembre,12,84,69.803172204693,105.814465372825,47.447044030956,105.933268451157,110.864079404426,114.436899160108,78.433074206326,114.497630893397,114.771371023692,120.506712238893,84.694140046459,108.023543839476,87.504704573315,83.052724152626,90.812013980339,114.454946882396,105.043932023568,45.595865024559,78.813301912597,105.643707485455,105.801063252343,99.282561356798,92.152647664182,90.683628434997,114.162916365439,108.745755597830,114.131886843445,104.064393814119,134.115265234230
2019,Enero,1,85,66.184787060536,104.673896052050,141.751150431129,108.845105487562,110.260567916700,117.078792654708,73.291544286381,130.840981781131,116.702589292454,110.025282790803,101.635432261468,120.050599192143,96.542263549060,86.053463846387,109.798669167706,122.240860062237,100.906229268623,43.986880599390,87.804735376772,119.620830436553,111.329865775847,103.354416698615,105.215486359419,117.387281545157,134.248053991157,113.795332535258,142.492823606948,92.171421102359,130.736685658064
2019,Febrero,2,86,62.607182358584,101.865372912393,85.695602140652,107.828261069761,108.806908592529,119.972496111035,69.829512738952,131.828237707602,111.716999018175,109.517400503828,101.169424607439,105.384952547337,94.996729166066,96.148685331150,96.577527360291,115.047576564303,90.269335294316,46.754739716859,82.544088052013,114.670396381770,106.537846630592,98.395692341055,96.730338177978,107.015101074436,134.869489678807,115.472751819951,140.459183756401,89.164364074862,132.050637102860
2019,Marzo,3,87,69.060817152115,106.714171392458,77.144604713263,111.541557142448,111.323101803440,108.259259229204,70.314120986796,137.443659288595,114.844880451150,122.833285523967,105.294555047605,107.700282242327,101.605009699284,95.169714786394,106.505607664701,123.444159637587,98.478323656803,49.950169341135,86.083201205223,115.799461263396,112.665305824455,104.925502549863,103.253900053536,117.580284435149,150.240831126137,118.419877340908,149.233409481356,89.813036799222,136.834016386716
2019,Abril,4,88,66.179156461505,105.934069070985,57.515571465384,116.855559524440,110.053068668843,108.627162031011,70.970520698845,135.718735040540,111.731079940265,129.063758379210,95.128282160840,101.702200172501,99.960690922151,93.114939105645,97.384392889115,118.595246001521,90.705804231885,49.933721833259,82.082369210200,118.575811126270,108.543957890965,99.269991242441,100.733789636109,114.044492657545,136.917766805447,108.339682131623,139.028043774822,92.890763653730,131.951532059915
2019,Mayo,5,89,67.774388637014,107.574276642358,62.751624219494,124.204470435876,112.104614383632,106.525016770482,71.327608278958,112.606639411402,118.386957094343,132.152727857108,112.456307034781,111.906785782608,102.190754678155,100.324262008120,105.783636415891,124.283587986557,97.373463395247,53.974468092503,87.432590142622,118.789163868704,110.406252791212,103.638451713408,105.884283076401,120.465633525773,147.188695155430,114.595012832224,151.681931083175,91.341507770983,128.237409880733
2019,Junio,6,90,66.007129030012,106.367359501019,82.726285810561,131.011671525268,112.928135861575,109.430092296584,70.510523274920,115.970885723581,111.279952502450,136.805204026693,108.786513885251,106.426147325506,96.767814062738,94.527624653000,103.589425517626,119.413071347634,100.044740326172,53.627965469842,84.876780486150,121.186368144498,111.326333271309,93.906803583951,99.510085478713,111.062981867707,143.429351029991,127.337057683319,149.820617431042,88.202150062555,127.068502733931
2019,Julio,7,91,68.437916937751,105.250233566506,51.361092879829,133.196269612463,112.451706323227,108.288032198704,71.913944242275,118.343384057818,111.885723993542,136.043104997012,108.135829157962,105.191346262385,101.488633517122,99.142553514447,101.451736179415,120.337016053445,115.905063496883,56.483595003406,91.489670627805,121.178713207739,118.219773392170,99.248932517167,101.534197361738,114.429479803008,144.082680358195,119.779514594345,141.779365952908,85.805715343715,140.957516550898
2019,Agosto,8,92,69.014671776614,103.170175733022,97.269748284974,138.221769658492,112.124078746983,105.129196396779,74.195149654240,116.500699622777,113.183570974700,137.884647907442,102.662282763831,115.942084411639,102.946036166800,97.535629518310,106.115465719581,121.499519848621,113.857415009065,56.824633530131,88.122946143876,120.603316892248,117.243774277869,104.823433666122,95.999705151026,125.291679674643,147.291496801044,122.959851586652,152.843095829294,94.451751035062,143.307131858655
2019,Septiembre,9,93,67.672715286745,103.004192108870,76.987338581707,137.294723333561,110.217935440091,106.188865937606,68.633316410840,108.634677766840,108.538204813179,132.934213945055,104.065148581191,105.343040131687,106.147479193911,92.839798979259,93.185171905213,113.435126428815,101.743937056536,50.323882505074,86.549866393685,118.252115875145,109.316893046553,98.408633323671,99.752193392784,116.678034034315,137.310091687220,124.997890030743,144.514117542692,92.084537463297,145.014418572067
2019,Octubre,10,94,68.127852625870,107.811699297237,75.972537842120,131.531345681143,111.823759875821,102.274725546490,69.761672405245,122.775047285756,114.906909743090,137.644162222435,104.053502453165,121.534789756128,116.902232075011,101.126418431513,94.136334301864,124.672737825989,104.121046277782,47.379771515507,88.115156589921,121.839552650874,112.147573377597,97.712575822677,101.990859727558,111.487844141274,146.475618581754,123.976445155419,142.716258986221,109.397504873436,152.035549107903
2019,Noviembre,11,95,67.469403353890,105.531895169560,65.074678512892,125.103376328883,112.437573316272,106.835160572805,65.353565125872,116.017301820265,116.245770449045,128.686354089828,97.480251092105,110.297229097034,106.659873369095,96.405912024641,104.369432321259,119.597230245949,105.031684421548,48.560089305670,83.394814091823,121.424518456095,112.115870631441,92.867990266719,97.983106323214,95.021431189225,133.712390730586,120.344838058306,138.855133620440,113.620883713733,138.676945740705
2019,Diciembre,12,96,70.168662759581,106.001551469394,48.506646228816,114.369079024750,112.489584206760,111.617707647160,73.085766053397,105.064229833819,115.639626329250,123.663984973245,73.891846990985,98.543353101030,82.939669997185,80.094623136199,97.465159729228,110.815020076101,95.899624802151,48.982807128221,80.880091959885,108.349021467662,107.793218249980,97.386927096211,88.524418702590,84.845138707301,124.378434046711,110.727098173650,107.420602961784,109.718213204284,126.995612978106
2020,Enero,1,97,70.728635315650,106.109604814925,150.895091475905,108.911273869490,111.488175727557,109.391879435749,60.657212524378,124.107322419953,119.220685302551,111.373344420517,85.009697463812,118.888803846009,92.019851202252,78.818507182031,108.032332502520,118.682942656344,100.845805301504,48.127457296130,86.526816122811,116.920142302242,111.248708877656,106.405893763768,97.683575019445,104.318660880299,131.298157169723,116.483955941865,138.556614228388,91.873093095606,126.433192330768
2020,Febrero,2,98,66.124300725779,104.157880689244,95.921597194760,109.667353979981,109.746516847214,111.017409639015,57.838360047734,121.505215816056,114.968011608463,110.093754056856,88.367753104098,104.044483750050,90.748717674890,86.372108324031,94.715842113427,112.795522819224,88.687784782524,38.073992154800,82.397399410290,111.687709001364,107.901894891997,93.990451448258,92.455623025294,99.957804621428,129.313376761257,116.260109811489,139.447349738099,84.362979815703,128.664059132949
2020,Marzo,3,99,71.364108001537,100.392642472450,78.758010170400,111.052936536151,109.081969497927,103.186174876539,57.772148363580,124.667489943586,118.837274103299,121.648874856575,91.899282136940,107.503624413909,88.851390221432,83.832534062002,89.830220751344,123.831428295134,93.622476403100,48.771569738731,88.137676282945,109.267687430201,112.754108908159,96.486286669100,98.732991195706,101.475217407798,139.229438667339,122.289067914678,118.987385563436,80.504813779615,134.963346736893
2020,Abril,4,100,64.945640350000,,,,,,,,,,,,,,,,,,,,,,,,,,,,
2020,Mayo,5,101,64.522085070000,,,,,,,,,,,,,,,,,,,,,,,,,,,,
2020,Junio,6,102,64.098529790000,,,,,,,,,,,,,,,,,,,,,,,,,,,,
2020,Julio,7,103,63.674974510000,,,,,,,,,,,,,,,,,,,,,,,,,,,,
2020,Agosto,8,104,63.251419230000,,,,,,,,,,,,,,,,,,,,,,,,,,,,
2020,Septiembre,9,105,62.827863950000,,,,,,,,,,,,,,,,,,,,,,,,,,,,
2020,Octubre,10,106,62.404308670000,,,,,,,,,,,,,,,,,,,,,,,,,,,,
2020,Noviembre,11,107,61.980753390000,,,,,,,,,,,,,,,,,,,,,,,,,,,,
2020,Diciembre,12,108,61.557198110000,,,,,,,,,,,,,,,,,,,,,,,,,,,,
